Transaction ID,Date,Customer ID,Gender,Age,Product Category,Quantity,Price per Unit,Total Amount,Month
702,21-May-23,CUST702,Female,60,Clothing,2,300,600,Jul
272,25-02-2023,CUST272,Female,-12,Electronics,2,50,100,Feb
132,10-09-2023,CUST132,Male,42,Electronics,4,-10,200,Sep
479,24-08-2023,CUST479,Male,52,Electronics,4,300,1200,Aug
753,28-02-2023,CUST753,Female,32,Clothing,1,30,30,Feb
836,19-04-2023,CUST836,Female,22,Clothing,1,50,50,Apr
114,22-07-2023,CUST114,,22,Beauty,4,25,100,Jul
393,11-10-2023,CUST393,Female,22,Beauty,2,500,1000,Oct
981,19-08-2023,CUST981,Female,30,Electronics,2,30,60,Aug
610,03-01-2023,CUST610,Female,26,Beauty,2,300,600,Jan
270,26-07-2023,CUST270,Male,43,Electronics,1,300,300,Jul
466,20-06-2023,CUST466,Male,63,Electronics,4,25,100,Jun
861,17-02-2023,CUST861,Female,41,Clothing,3,30,90,Feb
125,08-08-2023,CUST125,Male,48,Clothing,2,50,100,Aug
172,17-09-2023,CUST172,Male,32,Beauty,2,25,50,Sep
581,21-11-2023,CUST581,Female,48,Beauty,2,30,60,Nov
4,21-05-2023,CUST004,Male,37,Clothing,1,500,500,May
391,05-01-2023,CUST391,Male,19,Beauty,2,25,50,Jan
908,29-12-2023,CUST908,,46,Beauty,4,300,1200,Dec
603,16-07-2023,CUST603,Female,40,Clothing,3,30,90,Jul
453,08-12-2023,CUST453,Female,26,Clothing,2,500,1000,Dec
811,19-05-2023,CUST811,Male,61,clothng,2,25,50,May
519,23-01-2023,CUST519,Female,36,Electronics,4,30,120,Jan
477,24-04-2023,CUST477,Male,43,Clothing,4,30,120,Apr
21,14-01-2023,  CUST021  ,Female,50,Beauty,1,500,500,Jan
740,05-02-2023,CUST740,,25,Beauty,4,50,200,Feb
23,12-04-2023,CUST023,Female,35,,4,30,120,Apr
155,17-05-2023,CUST155,Male,31,Electronics,4,,2000,May
933,03-02-2023,CUST933,Male,22,Beauty,1,30,30,Feb
51,02-10-2023,CUST051,Male,27,Beauty,3,25,75,Oct
938,19-11-2023,CUST938,Male,49,Clothing,4,50,200,Nov
75,06-07-2023,CUST075,Male,61,Beauty,4,50,200,Jul
421,02-01-2023,CUST421,Female,37,Clothing,3,,1500,Jan
373,03-10-2023,CUST373,Female,25,Beauty,2,300,600,Oct
743,16-01-2023,CUST743,Female,,Beauty,4,500,2000,Jan
226,29-10-2023,CUST226,Female,61,Clothing,1,50,50,Oct
994,18-12-2023,CUST994,Female,51,Beauty,2,500,1000,Dec
439,09-07-2023,CUST439,Male,50,Clothing,3,25,75,Jul
679,11-01-2023,CUST679,Female,18,Beauty,3,30,90,Jan
225,11-01-2023,CUST225,Female,,Beauty,4,25,100,Jan
556,04-06-2023,CUST556,Female,18,Electronics,1,50,50,Jun
468,09-12-2023,CUST468,Male,40,Electronics,1,25,25,Dec
549,04-08-2023,CUST549,Female,50,Beauty,2,50,100,Aug
457,28-07-2023,CUST457,Female,58,Beauty,3,300,900,Jul
288,26-01-2023,CUST288,Male,28,Clothing,4,30,120,Jan
858,09-09-2023,CUST858,Male,23,Electronics,2,50,100,Sep
701,14-12-2023,CUST701,Female,52,Beauty,2,30,60,Dec
273,08-05-2023,CUST273,Female,22,Beauty,1,50,50,May
87,22-11-2023,CUST087,Female,28,Beauty,2,50,100,Nov
613,23-04-2023,CUST613,Female,52,Clothing,3,30,90,Apr
153,16-12-2023,CUST153,Male,63,Electronics,2,500,1000,Dec
676,19-07-2023,CUST676,Male,,Electronics,3,500,1500,Jul
108,19-04-2023,CUST108,Female,27,Beauty,3,25,75,Apr
571,12-12-2023,CUST571,Female,41,Electronics,1,50,50,Dec
302,14-07-2023,CUST302,Male,57,Beauty,2,300,600,Jul
654,21-06-2023,CUST654,,42,Clothing,3,25,75,Jun
308,13.01.2023,CUST308,Female,34,Beauty,4,300,1200,Aug
636,23-03-2023,CUST636,Female,21,Beauty,3,,1500,Mar
110,11-06-2023,CUST110,Male,27,Clothing,3,300,900,Jun
276,02-10-2023,CUST276,Female,21,Beauty,4,25,100,Oct
566,02-12-2023,CUST566,Female,64,Clothing,1,30,30,Dec
698,19-07-2023,CUST698,Female,64,Electronics,1,300,300,Jul
946,08-05-2023,CUST946,Male,,Electronics,4,500,2000,May
999,05-12-2023,CUST999,Female,36,Electronics,3,50,150,Dec
724,19-04-2023,CUST724,Male,61,Clothing,3,50,150,Apr
671,27-08-2023,CUST671,Male,62,Electronics,3,50,150,Aug
727,22-06-2023,CUST727,Male,55,Beauty,3,300,900,jan
137,18-11-2023,CUST137,Male,46,Beauty,2,500,1000,Nov
168,24-02-2023,CUST168,Male,53,Clothing,1,300,300,Feb
683,04-01-2023,CUST683,Male,38,Beauty,2,500,1000,Jan
494,18-09-2023,CUST494,Female,42,Beauty,4,50,200,Sep
384,13-08-2023,CUST384,Male,55,Clothing,1,500,500,Aug
419,22-05-2023,CUST419,Female,44,Clothing,3,30,90,May
254,28-07-2023,CUST254,Male,-99,Electronics,1,500,500,Jul
47,06-11-2023,CUST047,Female,40,Beauty,3,500,1500,Nov
579,21-09-2023,CUST579,Female,38,Electronics,1,30,,Sep
657,11-02-2023,CUST657,Male,40,Clothing,1,25,,Feb
127,24-07-2023,CUST127,Female,33,Clothing,2,25,50,Jul
686,19-07-2023,CUST686,Female,28,Electronics,4,50,200,Jul
988,28-05-2023,CUST988,Female,63,Clothing,3,25,75,May
964,31-01-2023,CUST964,Male,24,Clothing,3,300,900,Jan
655,13-06-2023,CUST655,Female,55,Clothing,1,500,500,Jun
650,01-01-2024,CUST650,Male,55,Electronics,1,30,30,Jan
677,27-10-2023,CUST677,Female,19,Beauty,3,500,1500,Oct
144,15-07-2023,CUST144,Female,59,Beauty,3,500,1500,Jul
184,10-01-2023,CUST184,Male,31,Electronics,4,50,200,Jan
983,01-11-2023,CUST983,Female,29,Clothing,1,300,300,Nov
575,28-03-2023,CUST575,Male,60,Clothing,2,50,100,Mar
678,23-12-2023,CUST678,Female,60,Electronics,3,300,900,Dec
667,01-08-2023,CUST667,Female,29,Electronics,1,500,500,Aug
633,07-08-2023,CUST633,Male,39,Beauty,4,30,120,Aug
209,20-12-2023,CUST209,Female,30,Electronics,4,50,200,Dec
320,01-02-2023,CUST320,Female,28,Electronics,4,300,1200,Feb
412,16-09-2023,CUST412,Female,,Electronics,4,500,2000,Sep
463,31-07-2023,CUST463,Female,54,,3,500,1500,Jul
789,30-09-2023,CUST789,Female,61,Clothing,4,500,2000,Sep
589,12-04-2023,CUST589,Female,36,Beauty,2,,1000,Apr
917,06-03-2023,CUST917,Female,57,Electronics,4,50,200,Mar
620,08-05-2023,CUST620,Male,63,Electronics,3,25,75,May
460,02-05-2023,CUST460,Male,40,Beauty,1,50,50,May
942,18-03-2023,CUST942,F,51,Clothing,3,500,1500,Mar
301,26-03-2023,CUST301,Male,30,Clothing,4,30,120,Mar
966,20-02-2023,CUST966,Male,60,Electronics,2,500,1000,Feb
520,29-12-2023,CUST520,Female,49,Electronics,4,25,100,Dec
422,20-06-2023,CUST422,Female,28,Clothing,3,30,90,Jun
544,23-12-2023,CUST544,Female,27,Electronics,1,25,25,Dec
838,13-05-2023,CUST838,Male,47,Electronics,2,300,600,May
911,21-05-2023,CUST911,Male,42,Electronics,3,300,900,May
139,15-12-2023,CUST139,Male,36,Beauty,4,500,2000,Dec
64,24-01-2023,CUST064,Male,49,Clothing,4,25,100,Jan
101,29-01-2023,CUST101,Male,32,Clothing,2,300,600,Jan
759,08-07-2023,CUST759,Male,49,Electronics,2,50,100,Jul
849,04-05-2023,CUST849,Male,32,,2,25,50,May
49,23-01-2023,CUST049,Female,54,Electronics,2,500,1000,Jan
867,06-06-2023,CUST867,Male,21,Electronics,1,500,500,Jun
220,03-03-2023,CUST220,Male,64,Beauty,1,500,500,Mar
130,12-03-2023,CUST130,Female,57,Clothing,1,500,500,Mar
954,25-09-2023,CUST954,Female,50,Electronics,3,300,900,Sep
834,04-04-2023,CUST834,Female,56,Beauty,2,30,60,Apr
268,20-02-2023,CUST268,M,28,Electronics,1,30,30,Feb
58,13-11-2023,CUST058,Male,18,Clothing,4,300,1200,Nov
881,19-05-2023,CUST881,Male,22,Electronics,1,300,300,May
731,10-05-2023,CUST731,Male,54,Clothing,4,500,2000,May
523,24-09-2023,  CUST523  ,Female,62,Electronics,1,300,300,Sep
3,13-01-2023,CUST003,Male,50,Electronics,1,,30,Jan
782,04-06-2023,CUST782,Male,59,Clothing,3,300,900,Jun
567,14-06-2023,CUST567,Female,25,Clothing,3,300,900,Jun
178,13.01.2023,CUST178,Male,40,Clothing,2,30,60,Oct
628,01-11-2023,CUST628,Female,19,Beauty,4,50,200,Nov
916,24-12-2023,CUST916,Female,32,Electronics,1,50,50,Dec
781,23-12-2023,CUST781,Male,,Beauty,1,500,500,Dec
682,02-09-2023,CUST682,Male,46,Beauty,4,300,1200,Sep
748,2023.08.19,CUST748,Male,25,Clothing,3,50,150,Mar
853,04-05-2023,CUST853,Male,21,Beauty,2,500,1000,May
438,19-01-2023,CUST438,Female,42,Clothing,1,30,30,Jan
462,01-04-2023,CUST462,Male,63,Electronics,4,300,1200,Apr
192,10-02-2023,CUST192,Male,62,Beauty,2,50,100,Feb
260,01-07-2023,CUST260,Male,28,Beauty,2,30,60,Jul
616,23-09-2023,CUST616,Male,41,Clothing,2,50,100,Sep
85,06-02-2023,CUST085,Male,31,Clothing,3,50,150,Feb
500,01-03-2023,CUST500,Female,60,Beauty,4,25,100,Mar
367,05-01-2023,CUST367,female,,Electronics,1,50,50,Jan
436,18-03-2023,CUST436,Female,57,Clothing,4,30,120,Mar
631,10-11-2023,CUST631,Male,56,Electronics,3,30,90,Nov
639,13-05-2023,CUST639,Female,62,Beauty,4,50,200,May
387,07-Oct-23,CUST387,Male,44,Beauty,1,30,30,Jun
827,09-11-2023,CUST827,Male,61,Beauty,3,300,900,Nov
870,08-07-2023,CUST870,Female,46,Electronics,4,30,120,Jul
553,31-03-2023,CUST553,Male,24,Clothing,4,300,1200,Mar
557,27-07-2023,CUST557,Female,20,Beauty,3,30,90,Jul
516,23-10-2023,CUST516,Male,30,Beauty,4,25,100,Oct
293,02-05-2023,CUST293,Male,,Electronics,3,30,90,May
584,17-02-2023,CUST584,Female,27,Beauty,4,50,200,Feb
442,17-03-2023,CUST442,Female,60,Clothing,4,25,100,Mar
501,14-05-2023,CUST501,Male,39,Electronics,2,30,60,May
65,05-12-2023,CUST065,Male,51,Electronics,4,500,2000,Dec
133,16-02-2023,CUST133,Male,20,Electronics,3,300,900,Feb
804,24-08-2023,CUST804,Male,42,Electronics,1,30,30,Aug
475,15-06-2023,CUST475,Male,26,Clothing,3,25,75,nov
688,03-10-2023,CUST688,Male,56,Clothing,4,25,100,Oct
82,26-12-2023,CUST082,Female,32,Beauty,4,50,200,Dec
267,27-11-2023,CUST267,Female,32,Beauty,3,30,90,Nov
496,14-12-2023,CUST496,Male,23,Clothing,2,300,600,Dec
116,23-08-2023,CUST116,Female,23,Clothing,1,30,30,Aug
583,21-06-2023,CUST583,Female,24,Electronics,4,25,100,Jun
173,08-11-2023,CUST173,Male,64,Electronics,4,30,120,Nov
624,26-08-2023,CUST624,Female,34,Beauty,3,300,900,Aug
980,29-07-2023,CUST980,Female,31,Electrnics,3,25,75,Jul
371,21-02-2023,CUST371,Female,20,Beauty,1,25,25,Feb
306,21-08-2023,CUST306,Male,54,Electronics,1,50,50,Aug
452,08-05-2023,CUST452,Female,48,Clothing,3,500,1500,May
723,17-06-2023,CUST723,Female,54,Beauty,4,50,200,Jun
379,05-02-2023,CUST379,Female,47,Clothing,1,25,25,Feb
300,31-01-2023,CUST300,Female,19,Electronics,4,50,200,Jan
694,20-05-2023,CUST694,Female,,Electronics,2,25,50,May
559,27-02-2023,CUST559,Female,40,Clothing,4,300,1200,Jan
344,21-01-2023,CUST344,Female,42,Beauty,1,30,30,Jan
482,27-04-2023,CUST482,Female,28,Clothing,4,300,1200,Apr
703,26-03-2023,CUST703,Male,34,Electronics,2,50,100,Mar
7,13-03-2023,CUST007,Male,46,BEAUTY,2,25,50,Mar
246,20-04-2023,CUST246,Female,48,Electronics,2,25,50,Apr
577,13-02-2023,CUST577,Male,21,Beauty,4,500,2000,Feb
406,24-11-2023,CUST406,Female,,Beauty,4,25,100,DEC
289,30-11-2023,CUST289,Male,53,Electronics,2,30,60,Nov
41,22-02-2023,CUST041,Male,34,Clothing,2,25,50,Feb
712,06-12-2023,CUST712,Female,57,Beauty,2,25,50,Dec
965,09-11-2023,CUST965,Male,22,Clothing,4,50,200,Nov
760,27-03-2023,CUST760,Male,27,,1,500,500,Mar
736,27-01-2023,CUST736,Male,29,Clothing,4,25,100,Jan
18,30-04-2023,CUST018,Female,47,Electronics,2,25,50,Apr
214,10-12-2023,CUST214,Male,20,Beauty,2,30,60,Dec
700,09-12-2023,CUST700,Male,36,clothng,4,500,2000,Dec
661,16-07-2023,CUST661,Female,44,Clothing,4,25,100,Jul
606,05-05-2023,CUST606,Male,-1,Electronics,1,50,50,May
284,08-02-2023,CUST284,Male,43,Clothing,4,50,200,Feb
554,12-11-2023,CUST554,Female,46,Beauty,3,50,150,Nov
378,28-06-2023,CUST378,Male,50,Beauty,1,300,300,Jun
843,22-05-2023,CUST843,Male,,CLOTHING,3,500,,May
216,11-07-2023,CUST216,Male,62,Electronics,2,,100,Jul
899,25-05-2023,CUST899,Male,26,Clothing,2,300,600,May
818,18-05-2023,CUST818,Male,30,,1,500,500,May
408,15-04-2023,CUST408,Female,64,Beauty,1,500,500,Apr
19,16-09-2023,CUST019,Female,62,Clothing,2,25,50,Sep
263,28-08-2023,CUST263,Male,23,Beauty,2,30,60,Aug
924,29-08-2023,CUST924,Male,55,Beauty,2,,100,Aug
684,30-06-2023,CUST684,Female,28,Clothing,2,500,1000,Jun
33,23-03-2023,CUST033,Female,50,Electronics,2,50,100,Mar
54,10-02-2023,CUST054,Female,38,Electronics,3,500,1500,Feb
792,09-07-2023,CUST792,Female,20,Beauty,1,50,50,Jul
215,29-11-2023,CUST215,Male,58,Clothing,3,500,1500,Nov
757,25-12-2023,CUST757,Female,43,electronics,4,300,1200,
798,04-08-2023,CUST798,Male,61,Clothing,1,50,50,jan
572,20-04-2023,CUST572,Male,31,Clothing,4,500,2000,Apr
426,24-03-2023,CUST426,female,23,Electronics,3,50,150,Mar
997,17-11-2023,CUST997,Male,52,Beauty,3,30,90,Nov
79,18-04-2023,  CUST079  ,Male,34,Beauty,1,300,300,Apr
295,28-07-2023,CUST295,,27,Beauty,3,300,900,Jul
598,01-08-2023,CUST598,Male,37,Beauty,4,30,120,Aug
43,14-07-2023,CUST043,Female,48,Clothing,1,,300,Jul
351,25-09-2023,CUST351,Female,,Clothing,3,30,90,Sep
16,17-02-2023,CUST016,Male,,Clothing,3,500,1500,Feb
561,27-05-2023,CUST561,F,64,Clothing,4,500,2000,May
28,23-04-2023,CUST028,Female,43,Beauty,1,500,500,Apr
374,20-04-2023,CUST374,Female,59,Beauty,3,25,75,Apr
545,01-06-2023,CUST545,Male,27,Clothing,2,25,50,Jun
603,16-07-2023,CUST603,Female,40,Clothing,3,30,90,Jul
417,21-11-2023,CUST417,Male,43,Electronics,3,300,900,Nov
26,07-10-2023,CUST026,Female,28,Electronics,2,500,1000,Oct
237,04-02-2023,CUST237,Female,50,Beauty,2,500,1000,Feb
953,26-04-2023,CUST953,Male,45,Beauty,3,30,90,Apr
31,23-05-2023,CUST031,Male,44,Electronics,4,300,1200,May
481,06-06-2023,CUST481,Female,43,Electronics,4,300,1200,Jun
817,31-10-2023,CUST817,Male,30,,4,50,200,
296,06-09-2023,CUST296,Female,22,Clothing,4,300,1200,Sep
474,15-07-2023,CUST474,Female,26,Clothing,3,500,,Jul
830,22-06-2023,CUST830,Female,64,Clothing,3,50,150,Jun
513,19-09-2023,CUST513,MALE,24,Electronics,4,25,100,Sep
995,30-04-2023,CUST995,Female,41,Clothing,1,30,30,Apr
135,26-02-2023,CUST135,Male,20,Clothing,2,25,50,Feb
106,18-05-2023,CUST106,Female,,Clothing,1,50,50,May
8,22-02-2023,CUST008,Male,30,Electronics,4,,100,Feb
490,05-02-2023,CUST490,Male,34,Clothing,3,50,150,Feb
231,04-01-2023,CUST231,Female,23,Clothing,3,,150,Jan
126,26-10-2023,CUST126,Female,28,CLOTHING,3,30,90,Oct
333,05-02-2023,CUST333,Female,54,Electronics,4,300,1200,Feb
835,07-09-2023,CUST835,Male,37,Clothing,4,50,200,Sep
467,30-07-2023,CUST467,Female,53,Electronics,-5,50,150,Jul
795,28-11-2023,CUST795,Male,57,Electronics,1,300,300,Nov
400,24-02-2023,CUST400,Male,53,Clothing,4,50,200,Feb
725,07-Oct-23,CUST725,,61,Electronics,1,300,300,Aug
521,12-08-2023,CUST521,Female,47,Clothing,4,30,120,Aug
825,26-08-2023,CUST825,Female,,Beauty,1,25,25,Aug
594,01-09-2023,CUST594,Female,19,Electronics,2,300,600,Sep
951,02-11-2023,CUST951,Male,33,Beauty,2,50,100,Nov
370,16-10-2023,CUST370,Male,23,Electronics,2,30,60,Oct
888,03-03-2023,CUST888,Female,52,Electronics,4,25,100,Mar
200,01-09-2023,CUST200,Male,27,Beauty,3,50,150,Sep
120,07-05-2023,CUST120,Male,60,Beauty,1,50,50,
81,17-05-2023,CUST081,Male,40,Electronics,1,50,50,May
89,01-10-2023,CUST089,Female,55,Electronics,4,500,2000,Oct
851,08-09-2023,CUST851,Male,32,Electronics,2,25,50,Sep
212,09-06-2023,CUST212,Male,21,Clothing,3,500,1500,Jun
898,02-11-2023,CUST898,Female,42,Clothing,3,30,,Nov
369,15-11-2023,CUST369,Male,23,Electronics,3,500,1500,Nov
977,08-02-2023,CUST977,Female,35,Electronics,3,25,75,Feb
837,01-07-2023,CUST837,,18,Beauty,3,30,,Jul
665,20-04-2023,CUST665,Male,57,Clothing,1,50,50,Apr
309,23-12-2023,CUST309,,26,Beauty,-2,25,25,Dec
674,16-04-2023,CUST674,Female,38,Clothing,1,300,300,
259,09-08-2023,CUST259,,45,Clothing,4,50,200,Aug
864,27-07-2023,CUST864,Female,51,Electronics,1,500,500,Jul
102,28-04-2023,CUST102,Female,47,Beauty,2,25,50,Apr
687,03-08-2023,CUST687,Female,53,Electronics,1,300,300,Aug
746,11-01-2023,CUST746,Female,33,Clothing,3,30,90,Jan
562,18-04-2023,CUST562,Male,54,Electronics,2,25,50,Apr
318,24-10-2023,CUST318,Male,61,Clothing,1,25,25,Oct
927,24-06-2023,CUST927,Male,43,Electronics,4,500,2000,sept
637,01-09-2023,CUST637,Male,43,,2,300,600,Sep
805,29-12-2023,CUST805,Female,30,Beauty,3,500,1500,Dec
816,12-08-2023,CUST816,Male,47,Beauty,2,500,1000,Aug
857,31-12-2023,CUST857,MALE,60,Electronics,2,25,50,Dec
175,20-03-2023,CUST175,Female,31,Electronics,4,25,100,Mar
968,17-11-2023,CUST968,Female,48,Clothing,3,300,900,Nov
932,28-02-2023,CUST932,Female,45,Beauty,4,25,100,Feb
596,07-02-2023,CUST596,Female,64,Electronics,1,300,,Feb
819,15-06-2023,CUST819,Female,35,Beauty,-1,,100,Jun
767,24-10-2023,CUST767,Male,39,Beauty,3,25,75,Oct
626,29-09-2023,CUST626,Female,26,Clothing,4,500,2000,Sep
390,28-09-2023,CUST390,Male,39,Electronics,2,50,100,Sep
714,12-02-2023,CUST714,Female,18,Clothing,1,500,500,Feb
643,24-09-2023,CUST643,Female,28,,3,30,90,Sep
358,16-05-2023,CUST358,Female,32,Beauty,1,300,300,May
357,03-05-2023,CUST357,,40,Electronics,-5,25,75,May
186,05-07-2023,CUST186,Male,20,Clothing,4,50,200,Jul
681,14-07-2023,CUST681,Female,43,Electronics,2,30,60,Jul
814,05-09-2023,CUST814,Female,59,Clothing,1,500,500,Sep
647,21-05-2023,CUST647,Male,59,Clothing,3,500,1500,May
502,02-04-2023,CUST502,Male,43,Electronics,3,50,150,Apr
801,10-08-2023,CUST801,Male,21,Clothing,4,50,200,Aug
978,22-03-2023,CUST978,Female,53,Clothing,3,50,,Mar
841,02-11-2023,CUST841,Male,31,Electronics,4,25,100,Nov
901,10-04-2023,CUST901,Male,31,Electronics,1,30,30,Apr
376,16-05-2023,CUST376,Female,64,clothng,1,30,30,May
775,08-02-2023,CUST775,Female,46,Electronics,4,25,100,Feb
979,02-01-2023,CUST979,Female,19,Beauty,1,25,25,Jan
771,13-12-2023,CUST771,Male,24,Electronics,2,25,50,Dec
548,09-04-2023,CUST548,Female,51,Clothing,2,30,60,Apr
735,04-10-2023,CUST735,Female,64,Clothing,4,500,2000,AUG
527,11-04-2023,CUST527,Male,57,Clothing,2,25,50,Apr
768,14-01-2023,CUST768,Female,24,Beauty,3,25,75,Jan
136,20-03-2023,CUST136,Male,44,Electronics,2,300,600,Mar
660,29-04-2023,CUST660,Female,38,Beauty,2,500,1000,Apr
914,11-10-2023,CUST914,Female,59,ELEC,1,500,500,Oct
349,26-10-2023,CUST349,Female,57,Beauty,1,50,50,Oct
248,09-03-2023,CUST248,Male,26,Clothing,3,300,900,Mar
550,07-12-2023,  CUST550  ,Male,40,Clothing,3,300,900,Dec
747,15-11-2023,  CUST747  ,Male,23,Beauty,1,30,30,Nov
397,10-03-2023,CUST397,Female,30,Beauty,1,25,25,Mar
375,17-09-2023,CUST375,Male,32,Clothing,1,50,50,Sep
779,05-05-2023,CUST779,Female,150,Electronics,2,500,1000,May
563,09-08-2023,CUST563,Male,20,Clothing,2,30,60,Aug
699,22-06-2023,CUST699,Female,37,Clothing,4,30,120,Jun
823,19-08-2023,CUST823,Female,56,Electronics,2,50,100,Aug
649,09-02-2023,CUST649,Female,58,Clothing,2,300,600,Feb
398,16-05-2023,CUST398,Female,48,Clothing,2,300,600,
147,28-09-2023,CUST147,Male,23,Electronics,1,300,300,Sep
385,06-10-2023,CUST385,Male,50,Electronics,3,500,1500,Oct
842,26-12-2023,CUST842,Female,47,Clothing,2,300,600,Dec
604,11-09-2023,CUST604,Female,29,Electronics,4,50,200,Sep
327,29-09-2023,CUST327,Male,57,Electronics,3,50,,FEB
469,08-05-2023,CUST469,Male,18,Beauty,3,25,75,May
141,02-11-2023,CUST141,Female,22,Electronics,1,50,50,Nov
937,23-10-2023,CUST937,Female,62,Beauty,1,500,500,Oct
454,22-02-2023,CUST454,Female,46,Beauty,1,25,25,Feb
890,20-12-2023,CUST890,Male,34,Electronics,2,25,50,Dec
777,15-06-2023,CUST777,Male,48,Electronics,3,50,,Dec
991,26-12-2023,CUST991,Female,34,Clothing,2,50,100,Dec
27,03-08-2023,CUST027,Female,38,Beauty,2,25,50,Aug
156,25-11-2023,CUST156,Female,43,Clothing,4,25,100,Nov
924,29-08-2023,CUST924,Male,55,Beauty,2,50,100,Aug
921,07-01-2023,CUST921,Male,51,Electronics,3,25,75,Jan
685,02-06-2023,  CUST685  ,Male,57,Electronics,2,25,50,Jun
709,21-07-2023,CUST709,Female,19,Electronics,2,500,1000,Jul
866,05-05-2023,CUST866,Male,24,Electronics,1,50,50,May
492,29-06-2023,CUST492,Male,61,Beauty,4,25,100,Jun
435,20-12-2023,CUST435,Female,30,Beauty,-4,300,900,Dec
100,16-06-2023,CUST100,Male,41,Electronics,1,30,30,Jun
718,25-08-2023,CUST718,Female,59,Beauty,3,25,75,Aug
936,07-02-2023,CUST936,Male,57,Beauty,4,50,200,Feb
167,27-02-2023,CUST167,Female,,Clothing,3,50,150,Sep
345,14-11-2023,CUST345,Male,62,Electronics,1,30,30,Nov
612,06-08-2023,CUST612,Female,61,Electronics,1,500,500,Aug
24,29-11-2023,CUST024,Female,-1,Clothing,1,300,300,Nov
573,19-09-2023,CUST573,Male,49,Beauty,2,30,60,Sep
205,07-11-2023,CUST205,Female,43,Clothing,1,25,25,Nov
34,24-12-2023,CUST034,Female,51,Clothing,3,50,150,Dec
198,07-03-2023,CUST198,,54,Beauty,3,300,900,Mar
586,11-12-2023,CUST586,Male,50,Electronics,1,50,50,Dec
855,01-09-2023,CUST855,Male,54,Beauty,1,25,25,Sep
925,03-09-2023,CUST925,Male,25,Electronics,1,300,300,Sep
788,27-06-2023,CUST788,Female,52,Beauty,3,300,900,Jun
984,29-08-2023,CUST984,Male,56,Clothing,1,500,500,Aug
943,16-10-2023,CUST943,Female,57,Clothing,4,300,1200,Oct
10,07-10-2023,CUST010,Female,52,Clothing,4,50,200,Oct
11,14-02-2023,CUST011,Male,23,Clothing,2,50,100,Feb
80,10-12-2023,CUST080,Female,64,Clothing,2,30,60,Dec
599,19-11-2023,CUST599,Female,28,Beauty,2,50,100,Nov
754,16-10-2023,CUST754,Female,43,Electronics,4,25,100,Oct
119,13-03-2023,CUST119,Female,60,Clothing,3,50,150,Mar
428,10-10-2023,CUST428,Female,40,Electronics,4,50,200,Oct
235,31-01-2023,CUST235,Female,23,Electronics,2,500,1000,Jan
540,08-12-2023,CUST540,Female,46,Electronics,3,300,900,Dec
564,24-10-2023,CUST564,Male,50,Electronics,2,50,100,Oct
290,04-10-2023,CUST290,Female,30,Beauty,2,300,600,sept
217,13-08-2023,CUST217,Female,35,,4,50,200,Aug
50,24-08-2023,CUST050,Female,27,Beauty,3,25,75,Aug
533,16-11-2023,CUST533,Male,19,Electronics,3,500,1500,Nov
945,13-02-2023,CUST945,Male,30,Beauty,1,25,25,Feb
948,13-10-2023,CUST948,Female,,Electronics,3,25,75,Oct
807,11-08-2023,CUST807,Female,50,Electronics,4,50,200,Aug
797,07-01-2023,CUST797,M,40,Clothing,3,25,75,Jan
145,30-12-2023,CUST145,Female,39,Clothing,3,25,75,Nov
894,05-09-2023,CUST894,Male,52,Electronics,1,30,30,Sep
710,31-10-2023,CUST710,Female,26,Electronics,3,500,1500,Oct
812,12-11-2023,CUST812,Male,19,Electronics,3,25,75,Nov
334,01-11-2023,CUST334,Male,31,Electronics,3,300,900,Nov
113,13-09-2023,CUST113,Female,41,Electronics,2,25,50,Sep
935,09-09-2023,CUST935,Female,34,Beauty,1,50,50,Sep
570,15-08-2023,CUST570,Male,49,Clothing,1,500,500,Aug
361,10-12-2023,CUST361,Female,,Electronics,4,300,1200,Dec
692,07-09-2023,CUST692,Female,64,,2,50,100,Sep
786,17-10-2023,CUST786,Male,48,Clothing,4,25,,Oct
339,03-03-2023,CUST339,Female,22,Electronics,2,25,50,Mar
611,24-02-2023,CUST611,Male,51,Beauty,3,500,1500,Feb
974,03-05-2023,CUST974,Male,47,Beauty,1,30,30,May
668,28-07-2023,CUST668,Female,62,Electronics,3,50,150,Jul
617,26-08-2023,CUST617,Male,34,Electronics,1,30,30,Aug
352,13.01.2023,CUST352,Male,57,Electronics,2,500,,Jun
697,07-Oct-23,CUST697,Male,53,Clothing,1,500,500,Jan
990,25-05-2023,CUST990,Female,58,Beauty,2,500,1000,May
675,04-08-2023,CUST675,Female,45,Clothing,2,30,60,Aug
972,11-02-2023,CUST972,Male,49,Beauty,4,25,100,Feb
218,22-09-2023,CUST218,Male,64,Beauty,3,30,90,Sep
323,26-01-2023,CUST323,Female,29,Beauty,3,300,900,Jan
755,22-04-2023,CUST755,Female,58,Clothing,3,25,75,Apr
465,02-04-2023,CUST465,Female,43,Electronics,3,50,150,Apr
887,11-06-2023,CUST887,Male,59,Clothing,4,25,100,Jun
184,10-01-2023,CUST184,Male,31,Electronics,4,50,200,Jan
368,23-08-2023,CUST368,Female,56,Clothing,4,300,1200,Aug
784,04-11-2023,CUST784,female,34,Electronics,1,500,500,Nov
343,01-11-2023,CUST343,Male,21,Electronics,2,,50,Nov
307,27-05-2023,CUST307,Female,26,Electronics,2,25,50,May
218,22-09-2023,CUST218,Male,64,Beauty,3,30,90,Sep
957,15-08-2023,CUST957,Female,60,Electronics,4,30,120,Aug
38,21-03-2023,CUST038,Male,38,Beauty,-2,50,200,Mar
314,08-04-2023,CUST314,Male,52,Clothing,4,30,120,Apr
663,20-03-2023,CUST663,Male,23,Clothing,4,300,1200,Mar
189,30-01-2023,CUST189,Male,63,Beauty,1,50,50,Jan
539,08-06-2023,CUST539,Male,25,Beauty,1,500,500,Jun
37,23-05-2023,CUST037,Female,18,Beauty,3,25,75,JUN
719,04-04-2023,CUST719,Female,42,Clothing,2,30,60,Apr
769,09-06-2023,CUST769,Female,31,Electronics,4,30,120,apr
905,02-04-2023,CUST905,Male,,Beauty,1,300,300,Apr
542,17-06-2023,CUST542,Female,20,Beauty,1,50,50,Jun
404,25-05-2023,CUST404,Male,46,Electronics,2,500,1000,May
508,11-08-2023,CUST508,Male,58,Beauty,2,300,600,Aug
752,09-12-2023,CUST752,Male,29,Clothing,2,50,100,Dec
234,20-11-2023,CUST234,Female,62,Electronics,2,25,50,MARCH
103,17-01-2023,  CUST103  ,Female,59,Clothing,1,25,25,Jan
437,07-10-2023,CUST437,Female,35,Electronics,4,300,1200,Oct
456,14-10-2023,CUST456,Male,57,Electronics,2,30,60,Oct
744,07-05-2023,CUST744,Male,40,Electronics,1,25,25,May
66,27-04-2023,CUST066,Female,45,Electronics,1,30,30,
597,22-08-2023,CUST597,Male,22,Beauty,4,300,1200,Aug
434,08-02-2023,CUST434,,43,Electronics,2,25,50,Feb
164,15-05-2023,CUST164,Female,47,Beauty,3,500,1500,May
264,28-01-2023,CUST264,Male,47,Clothing,3,300,900,
232,06-02-2023,CUST232,Female,43,Beauty,1,25,25,Feb
993,21-May-23,CUST993,Female,48,Electronics,3,50,150,Feb
236,28-04-2023,CUST236,F,54,Clothing,1,25,25,Apr
416,17-02-2023,CUST416,Male,53,Electronics,4,500,2000,Feb
176,11-07-2023,CUST176,Female,43,Beauty,2,50,100,Jul
764,25-03-2023,CUST764,Female,40,,1,25,25,Mar
967,17-04-2023,CUST967,Male,62,Beauty,1,25,25,Apr
303,02-01-2023,CUST303,Male,19,Electronics,3,30,90,Jan
72,23-05-2023,CUST072,Female,20,Electronics,4,500,2000,May
169,17-11-2023,CUST169,Male,18,Beauty,3,500,1500,Nov
90,06-05-2023,CUST090,Female,51,Electronics,1,30,30,May
118,16-05-2023,CUST118,Female,30,Electronics,4,500,2000,May
322,30-01-2023,CUST322,Male,51,Electronics,1,500,500,Jan
865,21-12-2023,CUST865,Female,42,Clothing,1,300,300,Dec
137,18-11-2023,CUST137,Male,46,Beauty,2,500,1000,Nov
568,27-08-2023,CUST568,Female,51,Electronics,1,300,300,Aug
62,27-12-2023,CUST062,Male,18,Beauty,2,50,100,Dec
878,30-06-2023,CUST878,Female,20,Clothing,1,30,30,Jun
187,07-06-2023,CUST187,Female,64,beauty,2,50,100,Jun
470,17-05-2023,CUST470,Female,57,Clothing,2,500,1000,May
402,21-03-2023,  CUST402  ,Female,41,Clothing,2,300,600,Mar
233,21-05-2023,CUST233,Female,51,Beauty,2,300,600,Dec
528,06-07-2023,CUST528,,36,Clothing,2,30,60,Jul
704,28-08-2023,CUST704,Female,62,Clothing,3,30,90,Aug
73,21-08-2023,CUST073,Male,29,ELEC,3,30,90,Aug
609,19-12-2023,CUST609,Female,47,Clothing,2,50,100,Dec
271,23-06-2023,CUST271,Female,62,ELEC,4,30,120,Jun
112,02-12-2023,CUST112,Male,37,Clothing,-5,500,1500,Dec
499,15-01-2023,CUST499,Male,46,Beauty,2,-100,60,Jan
707,01-10-2023,CUST707,Female,26,Clothing,1,-50,500,Oct
803,22-11-2023,CUST803,Male,39,Clothing,4,25,100,Nov
227,11-10-2023,CUST227,Male,36,Electronics,2,50,100,Oct
330,24-11-2023,CUST330,Female,,Beauty,4,50,200,Sep
464,13-01-2023,CUST464,Male,38,Electronics,2,300,600,Jan
582,14-11-2023,CUST582,Male,35,Clothing,3,300,900,Nov
886,09-04-2023,CUST886,Male,37,Electronics,3,300,900,Apr
196,30-09-2023,CUST196,Female,32,Clothing,3,300,900,Sep
337,01-05-2023,CUST337,Male,38,Clothing,1,500,500,May
366,07-02-2023,CUST366,Male,57,Clothing,2,50,100,Feb
806,20-03-2023,CUST806,Female,35,Beauty,3,300,900,Mar
29,18-08-2023,CUST029,Female,42,Electronics,1,30,30,Aug
799,08-09-2023,CUST799,Male,56,Electronics,2,50,100,Sep
608,02-12-2023,CUST608,Female,55,Electronics,3,500,1500,Dec
503,25-10-2023,CUST503,Male,45,Beauty,4,500,2000,Oct
713,14-01-2023,CUST713,Male,34,Beauty,3,25,75,Jan
138,23-03-2023,CUST138,Male,49,Clothing,4,50,200,Mar
619,13-10-2023,CUST619,Male,47,Electronics,4,25,100,Oct
790,08-08-2023,CUST790,Male,62,Clothing,1,25,25,Aug
478,13-04-2023,CUST478,Female,58,CLOTHING,2,30,60,Apr
537,03-06-2023,CUST537,Female,21,Beauty,1,500,500,Jun
394,03-06-2023,CUST394,Female,27,Clothing,1,500,500,Jun
383,22-03-2023,CUST383,Female,46,Beauty,3,30,90,Mar
222,26-04-2023,CUST222,Male,51,Clothing,4,30,120,Apr
808,01-04-2023,CUST808,Male,33,electronics,4,500,2000,Apr
693,23-04-2023,CUST693,Male,41,Beauty,3,500,1500,Apr
495,24-07-2023,  CUST495  ,Male,24,Beauty,2,30,60,Jul
672,01-08-2023,CUST672,Female,34,Beauty,2,50,100,Aug
510,10-06-2023,CUST510,Female,39,Beauty,4,50,200,Jun
329,30-01-2023,CUST329,Female,46,Electronics,4,25,100,Jan
13,05-08-2023,CUST013,Male,22,Electronics,3,500,1500,Aug
720,26-01-2023,CUST720,Female,56,Beauty,3,500,1500,Jan
962,19-10-2023,CUST962,Male,44,Clothing,2,30,60,Oct
207,19-04-2023,CUST207,Female,42,Beauty,2,25,50,Apr
104,11-06-2023,CUST104,Female,34,Beauty,2,500,1000,Jun
517,08-04-2023,CUST517,Female,47,Clothing,4,25,100,Apr
310,12-10-2023,CUST310,Female,28,Beauty,1,25,25,Oct
652,01-05-2023,CUST652,Female,34,Beauty,2,50,100,sept
223,02-02-2023,CUST223,Female,64,Clothing,1,25,25,Feb
154,02-10-2023,CUST154,m,51,Electronics,3,300,900,Oct
181,03-11-2023,CUST181,Male,19,Electronics,4,300,1200,Nov
680,22-10-2023,CUST680,Female,53,Clothing,3,300,900,Oct
183,08-09-2023,CUST183,Female,43,Beauty,3,300,900,Sep
928,05-04-2023,CUST928,Female,35,Clothing,4,300,1200,Apr
332,06-04-2023,CUST332,Male,58,Electronics,4,300,1200,Apr
498,19-06-2023,CUST498,Female,50,Clothing,4,25,100,Jun
317,30-01-2023,CUST317,Male,22,Electronics,3,30,90,Jan
142,02-02-2023,CUST142,Male,35,Electronics,4,300,1200,Feb
690,05-11-2023,CUST690,Female,52,,3,300,,Nov
813,03-10-2023,CUST813,Male,52,Electronics,3,50,150,Oct
904,04-07-2023,CUST904,Male,28,Clothing,1,500,500,Jul
211,01-01-2024,CUST211,Male,42,Beauty,3,500,1500,Jan
143,17-07-2023,CUST143,Female,45,Clothing,1,50,,Jul
515,17-07-2023,CUST515,Female,49,Clothing,3,300,900,Jul
363,03-06-2023,CUST363,Male,64,Beauty,1,25,25,Jun
5,06-05-2023,CUST005,Male,30,Beauty,2,50,100,May
45,03-07-2023,CUST045,Female,55,Electronics,1,30,30,Jul
282,25-08-2023,CUST282,Female,64,Electronics,4,50,200,Aug
203,16-05-2023,CUST203,Male,56,Clothing,2,500,1000,May
902,01-06-2023,CUST902,Female,54,Beauty,1,50,,Jun
359,22-07-2023,CUST359,Male,50,Clothing,1,50,50,Jul
871,31-08-2023,CUST871,Male,,Beauty,2,30,60,Aug
372,07-02-2023,CUST372,Female,24,,3,500,1500,Feb
629,12-06-2023,CUST629,Male,62,Electronics,2,25,50,Jun
891,05-04-2023,CUST891,Male,41,Electrnics,3,300,900,Apr
238,17-01-2023,CUST238,Female,39,Beauty,1,500,500,Jan
892,09-04-2023,CUST892,Male,20,Electronics,1,50,50,Apr
274,09-04-2023,CUST274,Female,23,Clothing,2,500,1000,Apr
715,26-11-2023,CUST715,Female,42,Beauty,4,25,100,Nov
195,05-02-2023,CUST195,Male,52,Clothing,1,30,30,Feb
514,01-03-2023,  CUST514  ,Female,18,Electronics,1,300,300,Mar
810,30-11-2023,  CUST810  ,Male,59,Electronics,4,25,100,Nov
543,26-07-2023,CUST543,Male,49,Beauty,2,300,600,
210,13-04-2023,CUST210,Male,37,Electronics,4,50,200,Apr
163,02-01-2023,CUST163,Female,64,Clothing,3,50,150,Jan
701,14-12-2023,CUST701,Female,52,Beauty,2,30,60,Dec
601,10-04-2023,CUST601,Male,19,Clothing,1,30,,Apr
88,29-03-2023,CUST088,Male,,Clothing,1,500,500,Mar
778,18-11-2023,CUST778,Female,47,Beauty,4,25,,AUG
638,19-08-2023,CUST638,Male,46,,1,500,500,Aug
191,18-10-2023,CUST191,Male,64,Beauty,1,25,25,Oct
179,29-09-2023,CUST179,Male,31,Electronics,1,300,300,Sep
595,09-11-2023,CUST595,Female,999,Clothing,4,500,2000,Nov
393,11-10-2023,CUST393,Female,22,Beauty,2,500,1000,Oct
883,09-05-2023,CUST883,Male,40,Electronics,1,500,500,May
802,05-07-2023,CUST802,Female,46,Beauty,1,30,30,Jul
959,29-10-2023,CUST959,Female,42,Electronics,2,,60,Oct
728,14-07-2023,CUST728,Male,51,Electronics,3,50,,Jul
512,07-11-2023,CUST512,Female,57,,1,25,25,Nov
645,17-11-2023,CUST645,Female,35,Electronics,4,30,120,Nov
440,26-10-2023,CUST440,Male,64,Clothing,2,300,600,Oct
472,26-12-2023,CUST472,Female,38,,3,300,900,Dec
399,01-03-2023,CUST399,Female,64,Beauty,2,30,,Mar
615,23-12-2023,CUST615,Female,61,Clothing,4,25,100,Dec
36,24-06-2023,CUST036,Male,52,Beauty,3,300,900,Jun
733,29-08-2023,CUST733,Male,,Beauty,1,30,30,Aug
772,12-07-2023,CUST772,Male,26,Electronics,1,30,30,Jul
44,19-02-2023,CUST044,Female,22,Clothing,1,25,25,Feb
262,30-07-2023,CUST262,Female,32,Beauty,4,30,120,Jul
587,08-06-2023,CUST587,Female,40,Beauty,4,300,1200,Jun
430,07-08-2023,CUST430,Female,43,Electronics,3,300,900,Aug
229,29-10-2023,CUST229,Male,58,Beauty,3,30,90,Oct
6,25-04-2023,CUST006,Female,45,Beauty,1,30,30,Apr
383,22-03-2023,CUST383,Female,46,Beauty,3,30,90,Mar
847,08-04-2023,CUST847,Female,18,Electronics,4,300,1200,Apr
319,05-10-2023,CUST319,Male,31,Clothing,1,500,500,Oct
915,30-05-2023,CUST915,F,26,Beauty,3,30,90,May
313,21-03-2023,CUST313,Female,55,Beauty,3,500,1500,Mar
76,25-03-2023,CUST076,Female,,Electronics,2,50,100,Mar
174,12-04-2023,CUST174,Female,39,Beauty,1,300,300,Apr
874,26-06-2023,CUST874,Male,60,Beauty,1,30,30,Jun
52,05-03-2023,CUST052,Female,36,Beauty,1,300,300,Mar
552,13-12-2023,CUST552,Female,,Electronics,3,25,75,Dec
699,22-06-2023,CUST699,Female,37,Clothing,4,30,120,Jun
390,28-09-2023,CUST390,Male,39,Electronics,2,50,100,Sep
221,07-05-2023,CUST221,Male,39,Beauty,2,300,600,May
509,26-06-2023,CUST509,Female,37,Electronics,3,300,900,Jun
607,17-03-2023,CUST607,,54,Clothing,3,25,,Mar
388,10-11-2023,  CUST388  ,Male,50,Electronics,1,25,25,Nov
94,19-05-2023,CUST094,Female,47,Beauty,2,500,1000,May
149,11-10-2023,  CUST149  ,,-12,Clothing,3,25,75,Oct
483,25-04-2023,CUST483,Male,55,Clothing,1,30,30,Apr
889,02-10-2023,CUST889,Female,35,Electronics,1,50,50,Oct
250,23-10-2023,CUST250,Male,48,Electronics,1,50,50,Oct
341,07-05-2023,CUST341,Male,31,Clothing,4,50,200,May
722,14-07-2023,CUST722,Male,20,Beauty,3,300,900,Jul
201,09-10-2023,CUST201,Male,56,Electronics,1,25,25,Oct
92,25-08-2023,CUST092,Female,51,Electronics,4,30,120,Aug
541,29-07-2023,CUST541,Male,56,Beauty,1,,500,Jul
585,01-05-2023,CUST585,Female,999,Clothing,1,25,25,May
443,09-08-2023,CUST443,Male,,Clothing,2,300,600,Aug
432,05-01-2023,CUST432,Female,60,Electronics,2,500,1000,Jan
281,27-02-2023,CUST281,Female,29,Beauty,4,500,2000,May
411,16-05-2023,CUST411,Male,62,Electronics,4,,200,May
854,20-12-2023,CUST854,Male,29,Clothing,1,,,
569,15-08-2023,CUST569,Male,52,Electronics,4,50,200,Aug
639,13-05-2023,CUST639,Female,62,Beauty,4,50,200,May
963,14-11-2023,CUST963,Female,55,Beauty,1,50,50,Nov
336,12-12-2023,CUST336,Female,52,Beauty,3,50,150,Dec
906,04-06-2023,CUST906,Female,20,Clothing,1,50,50,Jun
877,19-06-2023,CUST877,Female,58,Clothing,1,25,25,Jun
960,08-08-2023,CUST960,Male,59,Clothing,2,30,60,Aug
507,02-11-2023,CUST507,Female,37,Electronics,3,500,1500,Nov
940,28-01-2023,CUST940,Female,20,Electronics,1,30,30,Jan
787,22-01-2023,CUST787,Male,41,Electronics,1,25,25,Jan
93,14-07-2023,CUST093,Female,35,Beauty,4,500,2000,Jul
593,06-05-2023,CUST593,Male,35,Electronics,2,30,60,May
770,22-10-2023,CUST770,Male,32,Clothing,1,50,50,Oct
822,23-05-2023,CUST822,Female,52,Beauty,3,50,150,May
896,29-10-2023,CUST896,Female,30,Electronics,2,25,50,Oct
947,02-03-2023,CUST947,Male,,Beauty,1,300,300,Mar
576,04-12-2023,CUST576,Female,33,Beauty,3,50,150,Dec
574,31-08-2023,CUST574,Female,63,Electronics,2,25,50,Aug
279,05-08-2023,CUST279,Male,,Clothing,1,500,500,Aug
280,04-04-2023,CUST280,Female,37,Clothing,3,500,1500,Apr
338,26-07-2023,CUST338,Male,54,Beauty,2,50,100,Jul
228,28-04-2023,CUST228,Female,59,Electronics,2,30,60,Apr
9,13-12-2023,CUST009,Male,63,Electronics,2,300,,Dec
86,08-11-2023,CUST086,Male,19,Beauty,3,30,90,Nov
776,31-10-2023,CUST776,Male,35,Clothing,3,30,90,Oct
640,07-05-2023,CUST640,Female,51,Electronics,4,30,120,May
758,12-05-2023,CUST758,Male,64,Clothing,4,25,100,May
873,29-09-2023,CUST873,Female,27,Electronics,4,25,100,Sep
97,13-10-2023,CUST097,Female,51,Beauty,2,500,1000,Oct
342,21-May-23,CUST342,Female,43,Clothing,4,500,2000,Oct
122,03-10-2023,CUST122,Male,64,Electronics,4,30,120,Oct
157,24-06-2023,CUST157,Male,62,Electronics,4,500,2000,Jun
779,05-05-2023,CUST779,Female,56,Electronics,2,500,1000,May
669,19-06-2023,CUST669,Male,24,Beauty,4,300,1200,Jun
705,07-03-2023,CUST705,Male,60,Electronics,2,25,50,Mar
634,08-10-2023,CUST634,Male,60,Electronics,4,500,2000,Oct
471,23-03-2023,CUST471,Male,32,Clothing,3,50,150,Mar
558,08-10-2023,CUST558,Female,41,Clothing,1,25,25,Oct
294,27-03-2023,CUST294,Female,23,Clothing,3,30,90,Mar
850,28-07-2023,CUST850,Female,26,Beauty,2,500,1000,Jul
773,23-07-2023,CUST773,Male,25,,4,500,2000,Jul
165,14-09-2023,CUST165,Female,60,Clothing,4,300,,Sep
414,09-05-2023,CUST414,Male,48,Beauty,4,25,100,May
283,08-05-2023,CUST283,Female,18,Electronics,1,500,500,May
365,11-06-2023,CUST365,Male,31,Clothing,1,300,300,Jun
311,05-12-2023,CUST311,Female,32,Beauty,4,25,100,Dec
511,12-08-2023,CUST511,Male,45,Beauty,2,50,100,Aug
180,01-01-2023,CUST180,Male,,Clothing,3,300,900,Jan
70,21-02-2023,CUST070,Female,43,Clothing,1,300,300,Feb
971,05-12-2023,CUST971,Female,,Electronics,4,50,200,Dec
931,02-09-2023,CUST931,Male,30,Beauty,4,30,120,Sep
711,16-10-2023,CUST711,Male,26,Electronics,3,500,1500,Oct
986,17-01-2023,CUST986,Female,49,Clothing,2,500,1000,Jan
59,05-07-2023,CUST059,Male,62,Clothing,1,50,50,Jul
919,09-09-2023,CUST919,Female,22,Beauty,2,25,50,Sep
364,23-08-2023,CUST364,,,Beauty,1,500,500,Aug
876,09-10-2023,CUST876,Male,0,Clothing,4,30,120,Oct
266,01-12-2023,CUST266,Female,19,Electronics,2,30,60,Dec
910,06-03-2023,CUST910,Female,20,,3,,150,Mar
934,25-07-2023,CUST934,Male,30,Beauty,1,500,500,Jul
381,09-07-2023,CUST381,,44,Clothing,4,25,100,Jul
605,24-07-2023,  CUST605  ,Male,37,Electronics,2,500,,
708,14-01-2023,CUST708,Female,43,Beauty,3,,,Jan
793,05-02-2023,CUST793,Male,54,Beauty,1,30,30,Feb
756,27-08-2023,CUST756,Female,62,Electronics,4,300,1200,Aug
148,09-05-2023,CUST148,Male,18,Clothing,2,30,60,May
252,05-05-2023,CUST252,Male,54,Electronics,1,300,300,May
670,05-10-2023,CUST670,Male,27,Beauty,1,30,30,Oct
903,27-04-2023,CUST903,Female,51,Beauty,4,50,200,Apr
213,24-07-2023,CUST213,Male,27,Beauty,3,500,1500,Jul
441,10-10-2023,CUST441,Male,57,Beauty,4,300,1200,Oct
913,28-01-2023,CUST913,Male,29,Electronics,3,30,90,Jan
331,11-02-2023,CUST331,Male,28,Electronics,3,30,90,Feb
809,25-09-2023,CUST809,Female,62,Beauty,2,50,100,
277,18-08-2023,CUST277,Male,36,Clothing,4,25,100,Aug
829,14-07-2023,CUST829,Male,61,Beauty,3,30,90,Jul
815,27-08-2023,CUST815,Female,51,Clothing,3,25,75,Aug
205,07-11-2023,CUST205,Female,43,Clothing,1,25,25,Nov
717,11-03-2023,CUST717,Male,57,Clothing,1,500,500,Mar
449,03-07-2023,CUST449,Male,25,Electronics,4,50,200,Jul
386,27-12-2023,CUST386,Female,54,Electronics,2,300,600,Dec
730,04-08-2023,CUST730,Female,36,Clothing,2,25,50,Aug
525,18-12-2023,CUST525,Female,47,Beauty,2,25,,Dec
304,19-07-2023,CUST304,Female,37,Electronics,2,30,60,Jul
488,18-06-2023,CUST488,Female,51,Electronics,3,300,900,Jun
998,29-10-2023,CUST998,Female,23,Beauty,4,25,100,Oct
862,31-05-2023,CUST862,Male,28,Electronics,4,300,1200,May
20,05-11-2023,CUST020,Male,22,Clothing,3,300,900,Nov
325,02-09-2023,CUST325,Female,52,Electronics,2,25,50,Sep
261,05-08-2023,CUST261,Male,21,Clothing,2,25,,Aug
880,21-08-2023,CUST880,Male,22,Beauty,2,500,1000,Aug
410,21-11-2023,CUST410,Female,29,Clothing,2,50,100,Nov
401,11-10-2023,CUST401,Female,62,Clothing,1,300,300,Oct
398,16-05-2023,CUST398,Female,48,Clothing,2,300,600,May
55,10-10-2023,CUST055,Male,31,Beauty,4,30,120,Oct
614,01-04-2023,CUST614,Female,39,Beauty,4,300,1200,Apr
151,15-12-2023,CUST151,Male,29,Clothing,1,50,50,Dec
721,14-05-2023,CUST721,Female,52,Clothing,1,500,500,May
912,24-01-2023,CUST912,Male,51,Beauty,3,50,150,Jan
961,06-06-2023,CUST961,Male,53,Beauty,4,50,200,Jun
729,23-05-2023,CUST729,Male,29,Clothing,4,300,1200,May
107,03-02-2023,CUST107,Female,21,Clothing,4,300,1200,Feb
750,06-03-2023,CUST750,Female,35,Clothing,3,25,75,Mar
25,26-12-2023,CUST025,Female,64,Beauty,1,50,50,Dec
952,13-11-2023,CUST952,Female,57,Clothing,1,25,25,Nov
534,10-06-2023,CUST534,Male,45,Clothing,2,500,1000,MARCH
845,06-01-2023,CUST845,Male,54,Clothing,1,500,500,Jan
83,16-12-2023,CUST083,Male,54,Electronics,2,50,100,Dec
875,06-08-2023,CUST875,Female,51,Electronics,4,500,2000,Aug
895,22-05-2023,  CUST895  ,Female,55,Clothing,4,30,120,May
614,01-04-2023,CUST614,Female,39,Beauty,4,300,1200,
380,06-05-2023,  CUST380  ,Male,56,Electronics,2,300,600,May
77,09-07-2023,CUST077,Female,47,,2,50,100,Jul
389,01-12-2023,  CUST389  ,Male,21,Clothing,2,25,50,Dec
407,25-06-2023,CUST407,Female,46,Electronics,3,300,900,Jun
292,17-02-2023,CUST292,Male,20,Beauty,4,300,1200,MARCH
716,08-08-2023,CUST716,Female,60,Clothing,4,300,1200,Aug
111,19-04-2023,CUST111,Female,34,Electronics,3,500,1500,Apr
625,08-12-2023,CUST625,Male,31,Clothing,1,300,300,apr
821,14-02-2023,CUST821,Male,49,Electronics,1,300,300,Feb
800,24-02-2023,CUST800,Male,32,Clothing,4,300,1200,Feb
247,04-10-2023,CUST247,Male,41,Electronics,2,30,60,Oct
146,28-08-2023,CUST146,Male,38,Clothing,4,50,200,Aug
129,23-04-2023,CUST129,Female,21,Beauty,2,300,600,Apr
884,29-04-2023,CUST884,Female,26,Clothing,2,30,60,Apr
623,10-03-2023,CUST623,Male,34,Clothing,3,50,150,Mar
747,15-11-2023,CUST747,Male,23,Beauty,1,30,30,Nov
982,19-12-2023,CUST982,male,46,Beauty,3,30,90,Dec
487,24-07-2023,CUST487,Male,44,Clothing,4,500,2000,Jul
944,05-06-2023,CUST944,Male,44,Clothing,2,25,50,
91,25-03-2023,CUST091,Female,55,Electronics,1,500,500,Mar
206,05-08-2023,CUST206,Male,61,Clothing,1,25,25,
718,25-08-2023,  CUST718  ,Female,59,Beauty,3,25,75,Aug
171,24-11-2023,CUST171,Female,52,Clothing,3,300,900,Nov
955,14-07-2023,CUST955,Male,58,Clothing,1,25,25,Jul
57,18-11-2023,CUST057,Female,63,Beauty,1,30,30,Nov
405,06-11-2023,CUST405,Female,25,Clothing,4,300,,Nov
242,02-05-2023,CUST242,Male,21,Clothing,1,25,25,May
600,22-10-2023,  CUST600  ,Female,59,Beauty,2,500,1000,Oct
347,03-08-2023,CUST347,Male,42,Electronics,1,25,25,Aug
98,23-04-2023,CUST098,Female,55,,2,50,100,Apr
117,15-03-2023,CUST117,Male,19,Electronics,2,500,1000,Mar
202,26-03-2023,CUST202,Female,34,Clothing,4,300,1200,Mar
922,21-10-2023,CUST922,Male,41,Electronics,1,50,50,Oct
480,29-06-2023,CUST480,,42,Beauty,4,500,2000,Jun
324,27-10-2023,CUST324,Female,52,Electronics,3,50,150,Oct
194,06-09-2023,CUST194,Male,55,Clothing,4,50,200,Sep
939,18-12-2023,CUST939,Female,46,Electronics,1,300,300,Dec
444,07-03-2023,CUST444,Female,61,,3,30,90,Mar
726,17-06-2023,CUST726,Male,47,Clothing,4,300,1200,Jun
872,11-10-2023,CUST872,Female,,Beauty,3,25,75,Oct
455,01-07-2023,CUST455,Male,31,Electronics,4,25,100,Jul
529,09-08-2023,CUST529,Female,35,Clothing,3,50,150,Aug
833,16-06-2023,CUST833,Male,42,Beauty,-1,50,200,Jun
551,14-07-2023,CUST551,Male,45,Electronics,3,300,900,Jul
846,22-09-2023,CUST846,Male,42,Beauty,1,50,50,Sep
69,30-04-2023,CUST069,Female,56,Beauty,3,-50,75,Apr
425,15-05-2023,CUST425,Female,55,Electronics,4,30,120,May
297,04-09-2023,CUST297,Female,40,Electronics,2,500,1000,Sep
738,25-04-2023,CUST738,Male,41,Clothing,2,50,100,Apr
929,27-01-2023,CUST929,Female,23,Beauty,3,25,75,Jan
602,23-12-2023,CUST602,Female,20,Electronics,1,300,300,Dec
852,12-10-2023,CUST852,Female,41,Clothing,1,300,300,Oct
396,23-02-2023,CUST396,Female,55,Beauty,1,30,,Feb
427,15-08-2023,CUST427,Male,25,Electronics,1,25,25,Aug
848,13-02-2023,CUST848,Female,63,Clothing,3,25,75,Feb
560,05-06-2023,CUST560,Female,25,Electronics,1,-500,50,Jun
526,10-12-2023,CUST526,Male,33,Clothing,2,50,,Dec
236,28-04-2023,CUST236,Female,54,Clothing,1,25,25,Apr
15,16-01-2023,CUST015,Female,42,Electronics,4,500,2000,Jan
253,31-08-2023,CUST253,Female,53,Clothing,4,500,2000,Aug
239,19-06-2023,CUST239,Male,38,Electronics,3,-10,1500,Jun
121,15-10-2023,CUST121,Female,28,Electronics,4,50,200,Oct
286,09-10-2023,CUST286,Male,55,Electronics,2,25,50,Oct
555,19-10-2023,CUST555,Male,25,Beauty,1,300,300,Oct
197,06-03-2023,CUST197,Female,42,Clothing,4,50,200,Mar
346,11-02-2023,CUST346,Male,59,Clothing,2,500,1000,Feb
546,11-10-2023,CUST546,Female,36,Electronics,4,50,200,Oct
251,31-08-2023,CUST251,Female,57,Beauty,4,50,200,Aug
970,16-05-2023,CUST970,Male,59,Electronics,4,500,2000,May
646,03-05-2023,  CUST646  ,Male,38,Clothing,3,30,90,May
859,18-08-2023,CUST859,Female,,Electronics,-1,500,1500,Aug
413,08-09-2023,CUST413,Female,44,Beauty,3,25,75,Sep
486,09-04-2023,CUST486,Female,35,Electronics,1,25,25,Apr
431,15-10-2023,CUST431,Male,63,Electronics,4,300,1200,Oct
820,06-05-2023,CUST820,Male,49,Electronics,4,50,200,May
794,17-09-2023,CUST794,Female,60,Beauty,1,300,300,Sep
291,08-01-2023,CUST291,Male,60,Clothing,2,300,600,Jan
17,22-04-2023,CUST017,Female,27,Clothing,4,25,100,Apr
159,31-05-2023,CUST159,Male,26,Clothing,4,50,200,May
244,09-12-2023,CUST244,,28,Beauty,2,50,100,Dec
67,29-05-2023,CUST067,Female,48,Beauty,4,300,1200,May
961,06-06-2023,CUST961,Male,,Beauty,4,50,200,Jun
360,09-03-2023,CUST360,Male,42,Clothing,4,25,100,Mar
989,28-12-2023,CUST989,Female,44,Electronics,1,25,25,Dec
632,16-09-2023,CUST632,Female,26,Electronics,4,25,100,Sep
505,20-01-2023,CUST505,Male,24,Beauty,1,50,50,Jan
473,25-02-2023,CUST473,Male,64,Beauty,1,50,50,Feb
1000,12-04-2023,CUST1000,Male,47,Electronics,4,30,120,Apr
578,26-05-2023,CUST578,Female,54,Clothing,4,30,120,May
92,25-08-2023,CUST092,Female,51,Electronics,4,30,120,Aug
522,01-01-2023,CUST522,Male,46,Beaty,3,500,1500,Jan
909,01-10-2023,CUST909,Male,26,Electronics,1,300,300,Oct
531,07-12-2023,CUST531,Male,31,Electronics,1,500,500,Dec
409,18-12-2023,CUST409,Female,21,Electronics,3,300,900,Dec
666,02-02-2023,CUST666,Male,51,Electronics,3,50,150,Feb
907,08-01-2023,CUST907,Female,45,Electronics,1,25,25,Jan
433,27-02-2023,CUST433,Male,29,Beauty,4,50,200,Feb
432,05-01-2023,CUST432,Female,60,Electronics,2,500,1000,Jan
485,04-12-2023,CUST485,Male,24,Electronics,1,30,30,Dec
152,28-02-2023,CUST152,Male,43,CLOTHING,4,500,2000,Feb
328,22-03-2023,CUST328,Male,39,Beauty,2,50,100,Mar
257,19-02-2023,CUST257,Male,19,Beauty,4,500,2000,Feb
312,07-09-2023,CUST312,Male,,Clothing,4,30,120,Sep
832,11-09-2023,CUST832,Male,47,Beauty,4,500,2000,Sep
305,16-05-2023,CUST305,Female,18,beauty,1,30,30,May
785,03-03-2023,CUST785,Female,31,Beauty,4,50,200,Mar
414,09-05-2023,CUST414,Male,48,Beauty,4,25,100,May
134,25-01-2023,CUST134,Male,49,Electronics,1,50,50,Jan
32,04-01-2023,CUST032,MALE,30,Beauty,3,30,90,Jan
766,25-02-2023,CUST766,Male,38,Electronics,3,300,900,Feb
783,17-12-2023,CUST783,Female,56,Clothing,1,300,300,Dec
459,21-03-2023,CUST459,Male,28,Clothing,4,300,1200,Mar
162,21-08-2023,CUST162,Male,39,Clothing,2,30,60,Aug
340,19-10-2023,CUST340,Female,36,Beaty,4,300,1200,Oct
287,20-02-2023,CUST287,Male,54,Clothing,4,25,100,Feb
249,20-10-2023,CUST249,Male,20,Clothing,1,50,50,Oct
976,10-10-2023,CUST976,M,48,Beauty,2,300,600,Oct
580,06-12-2023,CUST580,Female,31,Clothing,3,500,1500,Dec
255,08-04-2023,CUST255,Male,48,Clothing,1,30,30,Apr
973,22-03-2023,CUST973,Male,60,Clothing,1,50,50,Mar
2,27-02-2023,CUST002,Female,26,Clothing,2,500,1000,Feb
737,29-06-2023,CUST737,female,33,Clothing,1,50,50,Jun
208,04-10-2023,CUST208,Female,34,Electronics,4,50,200,Oct
630,15-08-2023,CUST630,Male,42,Clothing,2,,100,Aug
969,19-04-2023,CUST969,Female,40,Clothing,3,300,900,Apr
897,26-09-2023,CUST897,Female,64,Electronics,2,50,,Sep
893,21-04-2023,CUST893,Male,49,Electronics,1,50,50,Apr
265,11-12-2023,CUST265,Male,,Clothing,3,300,900,Dec
275,08-04-2023,CUST275,Male,43,Clothing,2,500,1000,Apr
71,14-07-2023,CUST071,Female,51,Beauty,4,25,100,Jul
641,23-11-2023,CUST641,Female,40,Electronics,1,300,300,Nov
445,22-01-2023,CUST445,Female,53,Electronics,1,300,300,Jan
879,26-12-2023,CUST879,Male,23,Clothing,1,30,30,Dec
99,17-12-2023,CUST099,Female,50,Electronics,4,300,1200,Dec
926,14-08-2023,CUST926,Male,22,Electronics,1,30,30,Aug
22,15-10-2023,CUST022,Male,18,Clothing,2,50,100,Oct
706,15-11-2023,CUST706,Male,51,Electronics,4,25,100,jan
415,27-01-2023,CUST415,Male,53,Clothing,2,,60,Jan
518,11-05-2023,CUST518,Female,40,Clothing,1,30,30,May
150,06-01-2023,CUST150,Female,58,Electronics,4,30,120,Jan
826,19-10-2023,CUST826,Female,46,Clothing,1,300,300,Oct
648,14-08-2023,CUST648,Male,,Beauty,4,300,1200,Aug
355,09-12-2023,CUST355,Female,55,Electronics,1,500,500,Dec
987,29-04-2023,CUST987,Female,30,Clothing,3,300,900,Apr
53,13-07-2023,CUST053,Male,34,Electronics,2,50,100,Jul
840,24-05-2023,CUST840,,62,Clothing,2,25,50,May
199,04-12-2023,  CUST199  ,Male,45,Beauty,3,500,1500,Dec
123,15-05-2023,CUST123,Female,40,Electronics,2,30,60,May
204,28-09-2023,CUST204,Male,39,Beauty,1,25,25,Sep
68,2023.08.19,CUST068,Male,25,Electronics,1,300,300,Feb
224,23-06-2023,CUST224,Female,25,Clothing,1,50,50,Jun
128,05-07-2023,  CUST128  ,Male,25,Beauty,1,500,500,Jul
656,04-10-2023,CUST656,Male,29,Beauty,3,30,90,Oct
839,24-06-2023,CUST839,Female,20,Electronics,4,300,,Jun
941,19-03-2023,CUST941,Female,57,Clothing,2,25,50,Mar
140,05-08-2023,CUST140,Male,38,Electronics,1,30,30,Aug
418,05-08-2023,CUST418,Female,,Electronics,2,500,1000,Aug
219,20-08-2023,CUST219,Female,53,Electronics,3,30,90,Aug
547,07-03-2023,CUST547,Male,63,Clothing,4,-10,2000,Mar
843,22-05-2023,CUST843,Male,21,Beauty,3,500,1500,May
158,27-02-2023,CUST158,Female,44,Electronics,2,300,600,Feb
95,24-11-2023,CUST095,Female,32,Clothing,2,30,60,Nov
256,18-02-2023,CUST256,Male,23,Clothing,2,500,1000,Feb
628,01-11-2023,CUST628,Female,19,Beauty,4,50,200,Nov
644,06-09-2023,CUST644,Male,23,Beauty,3,25,75,Sep
739,29-11-2023,CUST739,Male,36,Beauty,1,25,25,Nov
40,22-06-2023,CUST040,Male,45,Beauty,1,50,50,Jun
131,18-09-2023,CUST131,Female,21,Beauty,2,300,600,Sep
255,08-04-2023,CUST255,,48,Clothing,1,30,30,Apr
190,04-05-2023,CUST190,Female,60,,3,30,90,May
996,16-05-2023,CUST996,Male,62,Clothing,1,50,50,May
590,17-03-2023,CUST590,Male,36,,3,300,900,Mar
403,20-05-2023,CUST403,Male,32,Clothing,2,300,600,May
761,07-11-2023,CUST761,Female,33,Clothing,1,500,500,Nov
39,21-04-2023,CUST039,Male,23,Clothing,4,30,120,Apr
243,23-05-2023,CUST243,Female,47,Electronics,3,300,900,May
885,03-03-2023,CUST885,Female,52,Clothing,4,30,120,Mar
354,15-04-2023,CUST354,Female,49,Beauty,4,50,200,Apr
621,04-03-2023,CUST621,Female,40,Beauty,2,500,1000,Mar
651,27-05-2023,CUST651,Male,51,Clothing,3,50,150,May
535,06-12-2023,CUST535,Male,47,Beauty,3,30,,Dec
504,16-05-2023,CUST504,Female,38,Beauty,3,50,150,May
160,11-08-2023,CUST160,Female,43,Clothing,2,50,100,Aug
395,06-12-2023,CUST395,Male,50,Electronics,2,500,1000,Dec
883,09-05-2023,CUST883,Male,40,Electronics,1,500,,May
538,17-09-2023,CUST538,Male,18,Clothing,3,50,150,Sep
696,06-09-2023,CUST696,Female,50,Clothing,4,50,200,Sep
241,21-09-2023,CUST241,,23,Electronics,3,25,75,Sep
14,17-01-2023,CUST014,Male,64,Clothing,4,30,120,Jan
658,12-03-2023,CUST658,Male,59,Clothing,1,25,25,Mar
476,29-08-2023,CUST476,Female,27,Clothing,4,500,2000,Aug
949,02-08-2023,CUST949,FEMALE,41,Electronics,2,25,50,Aug
918,23-11-2023,CUST918,Female,42,Electronics,3,30,90,Nov
315,01-06-2023,CUST315,Male,47,Clothing,2,30,60,Jun
362,27-11-2023,CUST362,Male,50,Clothing,1,25,25,Nov
591,13-01-2023,CUST591,Male,53,Electronics,4,25,100,Jan
321,10-06-2023,CUST321,Female,26,Electronics,2,25,50,Jun
958,02-06-2023,CUST958,Male,62,Electronics,2,25,50,Jun
745,13-04-2023,CUST745,Male,54,Beauty,2,50,100,Apr
673,01-02-2023,CUST673,Female,43,Clothing,3,500,1500,Feb
565,13.01.2023,CUST565,Female,45,Beauty,2,30,60,Nov
356,21-05-2023,CUST356,Male,50,Electronics,3,500,1500,Jun
35,05-08-2023,CUST035,Female,58,Beauty,3,300,900,Aug
335,04-02-2023,CUST335,Female,47,Beauty,4,30,120,Feb
689,07-10-2023,CUST689,Male,57,Electronics,2,50,100,Oct
377,09-03-2023,CUST377,male,46,Clothing,4,50,200,Mar
185,27-02-2023,CUST185,Male,24,Clothing,1,25,25,Feb
824,05-05-2023,CUST824,Male,63,Clothing,4,30,120,May
424,23-11-2023,CUST424,Male,57,Beauty,4,300,1200,Nov
326,15-09-2023,CUST326,Female,-5,Clothing,3,25,75,Sep
188,03-05-2023,CUST188,Male,40,Clothing,3,25,75,May
285,15-08-2023,CUST285,Female,31,Electronics,1,25,25,Aug
392,08-12-2023,CUST392,Male,27,Clothing,2,300,600,Dec
900,21-02-2023,CUST900,Male,21,Clothing,2,30,60,Feb
258,04-12-2023,CUST258,Female,37,Clothing,1,50,50,Dec
166,02-04-2023,CUST166,Male,,Clothing,4,500,2000,Apr
348,03-12-2023,CUST348,FEMALE,35,Electronics,2,300,600,Dec
299,25-07-2023,CUST299,,61,Electronics,2,500,1000,Jul
536,05-03-2023,CUST536,Female,55,Beauty,4,30,120,Mar
230,23-04-2023,CUST230,Male,54,Beauty,1,25,25,Apr
860,09-01-2023,CUST860,Male,63,Clothing,4,50,200,Jan
828,09-12-2023,CUST828,,33,Electronics,4,300,1200,Dec
695,12-08-2023,CUST695,Female,22,Electronics,3,50,150,Aug
856,27-11-2023,CUST856,Male,54,Electronics,4,30,120,Nov
42,17-02-2023,CUST042,Male,22,Clothing,3,300,900,Feb
869,25-10-2023,CUST869,Male,37,Beauty,3,500,1500,Oct
749,03-05-2023,CUST749,Male,42,Beauty,1,30,30,May
975,30-03-2023,CUST975,Female,56,Clothing,4,50,200,Mar
863,24-04-2023,  CUST863  ,Female,30,Electronics,2,25,,Apr
588,26-04-2023,CUST588,Male,38,Electronics,2,30,60,Apr
544,23-12-2023,CUST544,Female,27,Electronics,1,25,25,Dec
447,06-07-2023,CUST447,Male,22,Beauty,4,500,2000,Jul
448,21-01-2023,CUST448,Female,54,,2,30,60,Jan
350,17-10-2023,CUST350,Male,25,Beauty,3,25,75,Oct
46,26-06-2023,CUST046,Female,20,Electronics,4,300,1200,Jun
985,30-05-2023,CUST985,Female,19,Electronics,2,25,50,May
552,13-12-2023,CUST552,Female,49,Electronics,3,25,75,Dec
109,24-11-2023,CUST109,Female,34,Electronics,4,500,2000,Oct
618,26-01-2023,CUST618,Female,27,Beauty,1,50,50,Jan
662,22-12-2023,CUST662,Male,48,Beauty,2,500,1000,Dec
30,29-10-2023,CUST030,Female,39,Beauty,3,300,900,Oct
182,15-06-2023,CUST182,Male,62,Beauty,4,30,120,Jun
622,22-08-2023,CUST622,Female,49,Beauty,3,25,75,Aug
420,23-01-2023,CUST420,Female,22,Clothing,4,500,2000,Jan
635,17-08-2023,CUST635,Female,,Electronics,3,300,900,Aug
502,02-04-2023,CUST502,Male,43,Electronics,3,50,150,Apr
105,25-07-2023,CUST105,Female,22,Electronics,1,500,500,Jul
61,09-04-2023,  CUST061  ,Male,21,Beauty,4,50,200,Apr
659,19-03-2023,CUST659,Female,39,Electronics,1,30,30,Mar
84,28-11-2023,CUST084,Female,38,Electronics,3,30,90,Nov
491,23-05-2023,CUST491,FEMALE,60,Electronics,3,300,900,May
316,22-04-2023,CUST316,Female,48,Clothing,2,25,50,Apr
451,16-12-2023,CUST451,Female,45,Electronics,1,30,30,Dec
382,26-05-2023,CUST382,Female,53,Clothing,2,500,1000,May
423,08-03-2023,CUST423,Female,27,Clothing,1,25,25,Mar
497,02-10-2023,CUST497,Male,41,Clothing,4,30,120,Oct
992,21-08-2023,CUST992,Female,57,Electronics,2,30,60,Aug
740,05-02-2023,CUST740,Female,25,Beauty,4,50,200,Feb
524,03-10-2023,CUST524,Male,46,Beauty,4,300,1200,Oct
446,07-06-2023,CUST446,Male,21,Electronics,1,50,50,Jun
664,28-12-2023,  CUST664  ,Female,44,Clothing,4,500,2000,Dec
1,24-11-2023,CUST001,Male,34,Beauty,3,50,150,Nov
780,22-02-2023,CUST780,Male,52,Electronics,2,25,50,Feb
222,26-04-2023,CUST222,Male,51,Clothing,4,30,120,Apr
627,14-10-2023,CUST627,Male,57,Clothing,1,50,50,Oct
458,14-11-2023,CUST458,Female,39,Electronics,4,25,100,Nov
489,23-05-2023,CUST489,Male,44,Electronics,1,30,30,May
89,01-10-2023,CUST089,Female,55,Electronics,4,500,2000,Oct
484,13-01-2023,CUST484,Female,19,Clothing,4,300,1200,Jan
461,25-03-2023,CUST461,Female,18,Beauty,2,500,1000,Mar
78,01-07-2023,CUST078,Female,47,Clothing,3,500,1500,Jul
269,01-02-2023,CUST269,,25,Clothing,4,500,2000,Feb
930,10-05-2023,CUST930,Male,54,Clothing,4,50,200,May
124,27-10-2023,CUST124,Male,33,Clothing,4,500,2000,Oct
298,20-04-2023,CUST298,Male,27,Beauty,4,300,1200,Apr
882,06-06-2023,CUST882,Female,64,Beaty,2,25,50,Jun
96,19-12-2023,CUST096,Female,44,Clothing,2,300,600,Dec
734,10-01-2023,CUST734,Female,27,Clothing,1,30,30,Jan
12,30-10-2023,CUST012,Male,,Beauty,3,25,75,Oct
115,26-11-2023,CUST115,,51,Clothing,3,500,1500,JUN
844,12-10-2023,CUST844,Male,35,Clothing,3,50,150,Oct
429,28-12-2023,CUST429,Male,64,Electronics,2,25,50,Dec
258,2023.08.19,CUST258,Female,37,Clothing,1,50,50,Dec
732,11-02-2023,CUST732,Male,61,Electronics,2,500,1000,Feb
950,07-11-2023,CUST950,Male,36,Clothing,3,300,900,Nov
765,09-06-2023,CUST765,Male,43,Clothing,4,50,200,Jun
353,14-05-2023,CUST353,Male,31,Electronics,1,500,500,
812,12-11-2023,CUST812,,19,Electronics,3,25,75,Nov
774,12-04-2023,CUST774,Female,40,Clothing,2,25,50,Apr
956,19-08-2023,CUST956,Male,30,Clothing,3,500,1500,Aug
691,23-04-2023,CUST691,Female,51,Clothing,3,30,90,Apr
923,26-05-2023,CUST923,Male,32,Beauty,3,300,900,May
791,05-12-2023,CUST791,Female,51,,1,25,25,Dec
532,19-06-2023,CUST532,Female,64,Clothing,4,30,120,Jun
868,06-12-2023,CUST868,Female,25,Electronics,1,300,300,Dec
170,02-06-2023,CUST170,Female,,Clothing,2,25,50,Jun
240,21-05-2023,CUST240,Female,23,Beauty,1,300,300,Feb
278,13-03-2023,CUST278,Female,37,Clothing,4,25,100,Mar
161,22-03-2023,CUST161,Male,64,Beauty,2,500,1000,july
74,22-11-2023,CUST074,Female,18,Beauty,4,500,2000,Nov
530,05-02-2023,CUST530,Female,18,Electronics,4,30,120,Feb
63,05-02-2023,CUST063,Male,57,Electronics,2,25,50,Feb
762,07-11-2023,CUST762,Female,24,Electronics,2,25,50,Nov
493,25-11-2023,CUST493,Male,41,Beauty,2,25,50,Nov
741,30-11-2023,CUST741,,48,Clothing,1,300,300,Nov
751,31-08-2023,CUST751,Female,42,Clothing,2,25,50,Aug
742,21-01-2023,CUST742,Female,38,Electronics,4,500,2000,Jan
831,15-01-2023,CUST831,Male,,Electronics,4,25,100,Jan
796,24-06-2023,CUST796,Male,43,Beauty,4,30,120,Jun
48,16-05-2023,CUST048,Male,,Electronics,3,300,900,May
763,28-02-2023,CUST763,Male,34,Clothing,2,25,50,Feb
592,24-01-2023,CUST592,Female,46,Beauty,-5,500,2000,Jan
808,01-04-2023,CUST808,Male,33,Beauty,4,500,2000,Apr
506,25-02-2023,CUST506,Male,34,Beauty,3,500,1500,Feb
653,20-05-2023,CUST653,Male,54,Clothing,3,25,75,May
193,13-02-2023,CUST193,Male,35,Beauty,3,500,1500,Feb
245,06-09-2023,CUST245,Male,47,Clothing,3,30,90,Sep
60,23-10-2023,CUST060,Male,30,Beauty,3,50,150,Oct
177,24-03-2023,CUST177,Male,,Beauty,2,50,100,Mar
450,18-04-2023,CUST450,Female,59,Beauty,2,-50,50,Apr
56,31-05-2023,CUST056,Female,26,Clothing,3,300,900,sept
920,22-02-2023,CUST920,Female,28,Beauty,3,25,75,Feb
642,22-05-2023,CUST642,Female,54,Clothing,4,25,100,May
